Metric,Score
BLEU,4.9777378646536766e-08
ROUGE,0.10093043532313396
BERTScore,0.8436523675918579
CombinedScore,0.6017332848883135
