Metric,Score
BLEU,0.004244657850212446
ROUGE,0.09622172838426031
BERTScore,0.8544853925704956
CombinedScore,0.610846249669542
