Metric,Score
BLEU,0.4607276231304598
ROUGE,0.78925
BERTScore,0.9755270481109619
CombinedScore,0.9164730068920149
