Metric,Score
BLEU,0.22262336540841435
ROUGE,0.5949325069495348
BERTScore,0.9521905779838562
CombinedScore,0.755920897761556
