Metric,Score
BLEU,0.22262336540841443
ROUGE,0.5949325069495348
BERTScore,0.9521905779838562
CombinedScore,0.7561655806252495
