SubDataset,AverageScore
STS_sub_1,0.5642799949645996
STS_sub_2,0.5662800002098083
STS_sub_3,0.42800000220537193
STS_sub_4,0.49442000687122345
STS_sub_5,0.4140000009536743
STS_sub_6,0.28000000268220904
STS_sub_7,0.4290000000596047
STS_sub_8,0.4169999980926514
STS_sub_9,0.3586600005626678
STS_sub_10,0.5547600042819977
