Metric,Score
BLEU,0.24202422421982345
ROUGE,0.5685088372856056
BERTScore,0.9428329467773438
CombinedScore,0.6877591599310164
