Metric,Score
BLEU,0.24150340675684545
ROUGE,0.5679103921575986
BERTScore,0.9428635239601135
CombinedScore,0.6890765553048637
