Metric,Score
BLEU,9.258756026868193e-06
ROUGE,0.15207034613112064
BERTScore,0.8559499979019165
CombinedScore,0.45939293616399035
