Metric,Score
BLEU,5.647754360310865e-06
ROUGE,0.11230097306296752
BERTScore,0.8505560159683228
CombinedScore,0.44634029769338773
