Metric,Score
BLEU,1.8405560152844046e-09
ROUGE,0.06928638468088429
BERTScore,0.8346697688102722
CombinedScore,0.42948584219637725
