Metric,Score
BLEU,2.1710638296675274e-08
ROUGE,0.11339976393968072
BERTScore,0.8443143963813782
CombinedScore,0.44422528858893773
