Metric,Score
BLEU,0.008466286737264931
ROUGE,0.08051452439601108
BERTScore,0.8529266119003296
CombinedScore,0.44200474321887034
