Metric,Score
BLEU,8.442436829652644e-09
ROUGE,0.0869161638366488
BERTScore,0.8371710777282715
CombinedScore,0.43377503613113055
