Metric,Score
BLEU,0.005458481136693434
ROUGE,0.10153738937277634
BERTScore,0.8558845520019531
CombinedScore,0.4511461914681212
