Metric,Score
BLEU,0.004244657850212446
ROUGE,0.09622172838426031
BERTScore,0.8544854521751404
CombinedScore,0.4484201842045621
