Metric,Score
BLEU,0.01431551766206852
ROUGE,0.1501156992776508
BERTScore,0.8548291325569153
CombinedScore,0.4520747868232079
