Metric,Score
BLEU,0.006571847718372979
ROUGE,0.1276005454813504
BERTScore,0.8516578674316406
CombinedScore,0.44782641021540964
