Metric,Score
BLEU,3.4287503787626314e-11
ROUGE,0.07470997695248621
BERTScore,0.8374711871147156
CombinedScore,0.4325774310597711
