Metric,Score
BLEU,2.1230070619190076e-09
ROUGE,0.08120561245436875
BERTScore,0.8379175066947937
CombinedScore,0.43186166117190466
