Metric,Score
BLEU,0.005689338341427718
ROUGE,0.07737794566608984
BERTScore,0.8520967364311218
CombinedScore,0.4498237332532272
