Metric,Score
BLEU,4.2584348922504915e-07
ROUGE,0.1261460827459066
BERTScore,0.8448063135147095
CombinedScore,0.44407236717783183
