Metric,Score
BLEU,7.983443107227916e-08
ROUGE,0.08763942553323664
BERTScore,0.8424896001815796
CombinedScore,0.4354012232846742
