Metric,Score
BLEU,0.005308161215884164
ROUGE,0.05671051664039042
BERTScore,0.8505066633224487
CombinedScore,0.4437083415781113
