Metric,Score
BLEU,0.009640649393518486
ROUGE,0.09150516150516151
BERTScore,0.8529626131057739
CombinedScore,0.4456144640932982
