Metric,Score
BLEU,0.0059834416628772895
ROUGE,0.0872653728343778
BERTScore,0.8482388257980347
CombinedScore,0.44381415424996484
