Metric,Score
BLEU,7.808388887477128e-07
ROUGE,0.10562962389403963
BERTScore,0.8511783480644226
CombinedScore,0.44740714894573386
