Metric,Score
BLEU,0.019410077299775282
ROUGE,0.1074617272893135
BERTScore,0.8618561029434204
CombinedScore,0.4580847301173796
