Metric,Score
BLEU,0.0056679419690872646
ROUGE,0.08212840137948171
BERTScore,0.8638957738876343
CombinedScore,0.45010446584196506
