Metric,Score
BLEU,0.0
ROUGE,0.9
BERTScore,0.9999353289604187
CombinedScore,0.8599482631683351
