Metric,Score
BLEU,0.5331250274674992
ROUGE,0.86
BERTScore,0.9856206178665161
CombinedScore,0.8934964942932129
