Metric,Score
BLEU,0.0
ROUGE,0.8
BERTScore,0.989449679851532
CombinedScore,0.8715597438812256
