Metric,Score
BLEU,0.46072762313045956
ROUGE,0.78925
BERTScore,0.9755269885063171
CombinedScore,0.9164729532478346
