Metric,Score
BLEU,0.708786281858488
ROUGE,0.78
BERTScore,0.9681870341300964
CombinedScore,0.8545496273040771
