Metric,Score
BLEU,0.4115908900095013
ROUGE,0.8375
BERTScore,0.9637033343315125
CombinedScore,0.8747301744680112
