Metric,Score
BLEU,0.3237722713145643
ROUGE,0.8866666666666665
BERTScore,0.970667839050293
CombinedScore,0.8665342712402344
