Metric,Score
BLEU,0.0
ROUGE,0.6
BERTScore,0.978817343711853
CombinedScore,0.8430538749694825
