Metric,Score
BLEU,0.3237722713145643
ROUGE,0.8866666666666665
BERTScore,0.9706679582595825
CombinedScore,0.866534366607666
