Metric,Score
BLEU,0.4134499542743438
ROUGE,0.7733333333333333
BERTScore,0.9552592039108276
CombinedScore,0.8500406964619954
