Metric,Score
BLEU,0.5331250274674992
ROUGE,0.86
BERTScore,0.9856204986572266
CombinedScore,0.8934963989257813
