Metric,Score
BLEU,0.0
ROUGE,0.73
BERTScore,0.960300087928772
CombinedScore,0.8229275703430177
