Metric,Score
BLEU,0.0
ROUGE,0.725
BERTScore,0.9833291172981262
CombinedScore,0.8373482253453502
