Metric,Score
BLEU,0.708786281858488
ROUGE,0.78
BERTScore,0.9681869745254517
CombinedScore,0.8545495796203615
