Metric,Score
BLEU,0.4115908900095013
ROUGE,0.8375
BERTScore,0.963703453540802
CombinedScore,0.8747302698354428
