Metric,Score
BLEU,0.12839480747426243
ROUGE,0.4110897435897436
BERTScore,0.9307721257209778
CombinedScore,0.5561651956371486
