Metric,Score
BLEU,0.26338599930056655
ROUGE,0.6803501400560223
BERTScore,0.9649444818496704
CombinedScore,0.66178372573011
