Metric,Score
BLEU,0.12637571364123326
ROUGE,0.6148701298701298
BERTScore,0.9523025751113892
CombinedScore,0.6029028799923747
