Metric,Score
BLEU,0.4359697863982543
ROUGE,0.7966416916416916
BERTScore,0.9734364748001099
CombinedScore,0.7245913327358567
