Metric,Score
BLEU,0.060793676231713854
ROUGE,0.46168004681936575
BERTScore,0.9391267895698547
CombinedScore,0.5461171005145478
