Metric,Score
BLEU,0.2275650746628627
ROUGE,0.60406162464986
BERTScore,0.9521617889404297
CombinedScore,0.6413539351830987
