Metric,Score
BLEU,0.4757599273706345
ROUGE,0.8041172862225494
BERTScore,0.978908896446228
CombinedScore,0.7493217360470943
