Metric,Score
BLEU,0.27435890662465806
ROUGE,0.6377813852813853
BERTScore,0.9570480585098267
CombinedScore,0.6565770588542366
