Metric,Score
BLEU,0.09095491909710131
ROUGE,0.5032664995822891
BERTScore,0.9411243200302124
CombinedScore,0.570634531967523
