Metric,Score
BLEU,0.4359697863982543
ROUGE,0.7966416916416916
BERTScore,0.9734365344047546
CombinedScore,0.7245913625381791
