Metric,Score
BLEU,0.07498352241533487
ROUGE,0.4354665217823112
BERTScore,0.9320802688598633
CombinedScore,0.5453749938664624
