Metric,Score
BLEU,0.17656033545062516
ROUGE,0.48545389185872934
BERTScore,0.9400879144668579
CombinedScore,0.3094683351912092
