Metric,Score
BLEU,0.28416180125429696
ROUGE,0.640277480771424
BERTScore,0.9548321962356567
CombinedScore,0.456644560832599
