Metric,Score
BLEU,0.12575573472273066
ROUGE,0.5339536279604191
BERTScore,0.9439652562141418
CombinedScore,0.32634820449442853
