Metric,Score
BLEU,0.12582005710863584
ROUGE,0.5334589552054725
BERTScore,0.9440202713012695
CombinedScore,0.3292386966344334
