Metric,Score
BLEU,0.27806386179044523
ROUGE,0.6141664157493085
BERTScore,0.9530681371688843
CombinedScore,0.4517443444321485
