Metric,Score
BLEU,0.23899633926351485
ROUGE,0.6194494995563984
BERTScore,0.940372109413147
CombinedScore,0.3734205512293761
