Metric,Score
BLEU,0.22732831019112149
ROUGE,0.595016570918864
BERTScore,0.9256460070610046
CombinedScore,0.36873432053569166
