Metric,Score
BLEU,0.17280458680364646
ROUGE,0.49170106462132857
BERTScore,0.9402018785476685
CombinedScore,0.29737802479809305
