Metric,Score
BLEU,0.23060908273867334
ROUGE,0.4396337094163182
BERTScore,0.9384703636169434
CombinedScore,0.30156849272592845
