Metric,Score
BLEU,0.12556765853162102
ROUGE,0.5339536279604191
BERTScore,0.9439652562141418
CombinedScore,0.3290515006017236
