Metric,Score
BLEU,0.2310844557841371
ROUGE,0.4396337094163182
BERTScore,0.9384703636169434
CombinedScore,0.3080664791972917
