Metric,Score
BLEU,0.24366631739732433
ROUGE,0.5196657398482383
BERTScore,0.9301649928092957
CombinedScore,0.4050935214974626
