Metric,Score
BLEU,0.23823604394006406
ROUGE,0.5248831086773931
BERTScore,0.9305761456489563
CombinedScore,0.4055478185875433
