Metric,Score
BLEU,0.2266334676945096
ROUGE,0.5916267404103894
BERTScore,0.9243696331977844
CombinedScore,0.4069268944286694
