Metric,Score
BLEU,0.29625131957960466
ROUGE,0.6738304555725908
BERTScore,0.9602369070053101
CombinedScore,0.504816706004089
