Metric,Score
BLEU,0.1700884016507353
ROUGE,0.4874058438106813
BERTScore,0.9406594038009644
CombinedScore,0.307118148916513
