Metric,Score
BLEU,0.25884653366461585
ROUGE,0.6070517912433797
BERTScore,0.9524307250976562
CombinedScore,0.43777499801255987
