Metric,Score
BLEU,0.23233019108149172
ROUGE,0.4405346103172191
BERTScore,0.9384272694587708
CombinedScore,0.308692012760152
