Metric,Score
BLEU,0.2860576289631692
ROUGE,0.6403804445120361
BERTScore,0.9547902345657349
CombinedScore,0.4550313375785
