Metric,Score
BLEU,0.2863797957815128
ROUGE,0.6403804445120361
BERTScore,0.9547016024589539
CombinedScore,0.4171142255496616
