Metric,Score
BLEU,0.27176048570897055
ROUGE,0.5627485512035598
BERTScore,0.9412668943405151
CombinedScore,0.3549956601828697
