Metric,Score
BLEU,0.2266334676945096
ROUGE,0.595016570918864
BERTScore,0.9256460070610046
CombinedScore,0.40713611345539086
