Metric,Score
BLEU,0.2254753856872559
ROUGE,0.6047641848710837
BERTScore,0.9387956857681274
CombinedScore,0.34784176783459064
