Metric,Score
BLEU,0.27074516476566446
ROUGE,0.5594115100467189
BERTScore,0.9406822323799133
CombinedScore,0.3723546151278073
