Metric,Score
BLEU,0.24150085894314777
ROUGE,0.5670454954550955
BERTScore,0.9425786733627319
CombinedScore,0.6885282382056586
