Metric,Score
BLEU,0.23946069839463285
ROUGE,0.5142599297254471
BERTScore,0.9294346570968628
CombinedScore,0.3522585059490857
