Metric,Score
BLEU,0.29745454922340636
ROUGE,0.6738304555725908
BERTScore,0.9602369070053101
CombinedScore,0.48186012653653176
