Metric,Score
BLEU,0.27869939319603515
ROUGE,0.6141664157493085
BERTScore,0.9530681371688843
CombinedScore,0.4385961000838404
